repo_name,cursor_commits,cursor_adoptor_percentage,cursor_adoption_time
hanyk/BayeSED3,2,100.0,2024-10-05T04:51:09
hoishing/natal,2,100.0,2024-12-21T23:08:54
Elevate-Code/better-voice-typing,5,100.0,2024-10-30T12:15:20
ericyuegu/hal,2,100.0,2025-02-28T20:11:04
angular-courses-lab/angular-debug-quest,6,100.0,2025-02-13T09:40:18
mckaywrigley/o1-xml-parser,1,100.0,2024-12-08T08:07:13
jparkerweb/llm-distillery,1,100.0,2024-09-08T22:14:35
ghuntley/groundhog,1,100.0,2025-03-03T05:09:21
Aaronontheweb/dotnet-cursor-rules,2,100.0,2025-02-18T11:41:12
Suntory-Y-Water/honox-url-app,1,100.0,2025-02-28T21:16:39
sparesparrow/cursor-rules,10,100.0,2025-02-04T08:24:15
chocoa/BouyomiChan-WebSocket-Plugin,1,100.0,2025-03-01T11:57:11
VRSEN/agency-voice-interface,5,100.0,2024-10-11T20:41:49
gerred/mcpmc,5,100.0,2024-12-22T14:27:15
jackfriks/expo-app-boilerplate,1,100.0,2025-02-20T17:11:36
devfullcycle/golangtechweek,1,100.0,2025-03-11T21:38:37
TheDarkMist/cursor-project-starter,1,100.0,2025-01-06T17:04:20
RayFernando1337/vibestamps,3,100.0,2025-03-27T21:21:41
codingforentrepreneurs/Cursor-Django,11,100.0,2024-10-03T16:50:29
1mrat/cursor-taskrunner,1,100.0,2024-08-06T11:00:15
chongdashu/mcp-made-simple,3,100.0,2025-03-17T05:55:17
ansh/deeperseeker-app,4,100.0,2025-01-27T17:10:04
langfuse/mcp-server-langfuse,1,100.0,2025-02-15T07:26:31
IndieYe/sqlwise,1,100.0,2024-12-09T21:44:13
dogokit/dogokit-akita,5,100.0,2024-09-03T16:42:52
AndreRatzenberger/cursor-rules,20,100.0,2025-03-05T03:20:32
gotray/go-python,2,100.0,2024-11-06T05:34:20
shaoruu/hi.shaoruu.io,1,100.0,2024-06-06T18:18:51
friuns2/appforge,1,100.0,2024-08-12T19:58:41
mzxrai/mcp-openai,1,100.0,2024-12-06T12:20:00
kinopeee/cursorrules,7,100.0,2025-01-16T01:30:13
blockmatic/basilic-evm,18,100.0,2024-08-15T02:52:12
him0/ai-rule-forge,9,100.0,2025-03-15T07:04:34
mckaywrigley/level-3-agent-code,1,100.0,2025-02-06T02:24:40
HaasStefan/eslint-plugin-enforce-angular-signal-call,1,100.0,2024-10-06T17:18:08
browserbase/playbook,17,100.0,2024-12-27T16:42:05
StackOneHQ/crossroads,7,100.0,2025-02-28T05:50:18
DannyMac180/mirror,1,100.0,2024-12-20T16:02:02
askjohngeorge/pipecat-lead-qualifier,8,100.0,2025-01-20T08:17:10
razbakov/ai-secretary,2,100.0,2025-01-10T13:40:46
Anemll/Anemll,5,100.0,2025-02-08T15:11:45
kitlangton/Void,1,100.0,2025-02-17T18:56:55
tayfunerbilen/prototurk-go-backend,1,100.0,2025-01-27T10:40:51
vpavlenko/web-2024-template,3,100.0,2024-10-03T08:59:40
aidaole/AiMusic,1,100.0,2024-12-08T22:24:31
clchinkc/stockchat,1,100.0,2025-02-01T04:15:55
mckaywrigley/level-4-agent-code,1,100.0,2025-02-07T22:03:11
squirrelogic/cursor-rules,1,100.0,2025-02-10T10:49:08
Illyism/saasbooks,2,100.0,2025-03-03T01:00:39
tkellogg/target-practice,11,100.0,2025-01-09T15:31:45
instructa/viber3d,22,100.0,2025-03-01T09:41:56
publicrust/umod-pluigns-dataset,1,100.0,2025-03-24T05:59:59
tomredman/add-convex-to-cursor,2,100.0,2024-09-25T10:01:16
alchaincyf/cursor-rules-huasheng,4,100.0,2025-01-04T00:51:57
ttmouse/Wispr-Flow-CN,2,100.0,2024-12-31T23:32:11
loftwah/auto-jira,1,100.0,2025-02-23T22:33:36
zueai/cloudflare-api-mcp,4,100.0,2025-02-23T00:30:25
CodeGuide-dev/codeguide-starter-lite,6,100.0,2025-02-02T12:00:50
gly-hub/dandelion-admin,1,100.0,2025-01-17T05:43:28
rapidruby/rapid-ruby-starter,1,100.0,2024-11-24T10:25:50
SlyyCooper/cursorrules-architect,7,100.0,2024-12-02T00:24:05
collinschaafsma/startstack,1,100.0,2024-09-02T15:51:27
hyperb1iss/droidmind,2,100.0,2025-03-02T00:19:15
vadxq/nextjs-ai-starter,2,100.0,2025-03-07T05:54:51
acoyfellow/fleet-pattern,2,100.0,2025-02-07T08:20:29
frozenlib/mcp-attr,2,100.0,2025-01-12T01:35:55
FradSer/qa-generator,5,100.0,2025-02-19T21:48:57
jparkerweb/cursor-prompts,12,100.0,2025-04-01T00:07:46
devagrawal09/tanstack-router-strello,1,100.0,2025-02-22T19:23:17
fayazara/animated-lucide-vue,3,100.0,2025-03-22T16:12:55
mckaywrigley/takeoff-perplexity-clone-final,1,100.0,2024-10-10T20:35:00
kingbootoshi/feather,6,100.0,2024-12-29T23:42:38
mckaywrigley/takeoff-perplexity-clone-mckay,3,100.0,2024-10-10T20:34:14
owengretzinger/gitreadme,1,100.0,2025-03-01T00:28:22
jparkerweb/semantic-chunking,3,100.0,2024-09-08T17:04:44
Cocoanetics/SwiftMail,4,100.0,2025-03-06T04:15:07
social-embed/social-embed,1,100.0,2025-03-02T14:43:19
andrewhopper/dotai,8,100.0,2025-03-15T17:23:07
yinwm/LocalIssues,3,100.0,2025-01-08T05:03:38
wangxj03/code-splitter,1,100.0,2024-09-01T11:36:31
siriwatknp/jun-mvp-starter,2,100.0,2025-03-12T11:18:16
mckaywrigley/mckays-app-template,20,100.0,2024-09-01T13:33:58
johnneerdael/multiplatform-cursor-mcp,1,100.0,2025-01-28T18:58:34
Modu-AI/AW3SOME-Cursor,1,100.0,2025-02-01T03:43:07
LeonKohli/nuxt-auth-demo,2,100.0,2024-10-26T09:16:31
kevon217/custom-agency-swarms,1,100.0,2024-01-11T13:14:31
Galaxies-dev/todoist-clone-react-native,1,100.0,2024-11-11T08:01:27
AlbertoBasalo/ng-lab,1,100.0,2024-10-15T03:58:10
gaetansenn/vue-api,1,100.0,2024-10-10T11:28:37
Dhravya/mcp-durable-object-client,1,100.0,2025-03-05T15:07:32
scoful/pocker,1,100.0,2025-02-12T03:26:44
rember/rember-mcp,1,100.0,2025-02-28T05:54:50
Qwertic/cursorrules,3,100.0,2024-09-10T05:25:40
waqarkalim/holiday-optimizer,4,100.0,2025-02-28T21:12:35
f3liiix/nav-site,2,100.0,2025-03-11T09:07:24
kenshiro-o/nagato-ai,3,100.0,2025-02-15T05:08:06
fredericbarthelet/linkedin-mcp-server,1,100.0,2025-03-14T06:55:58
sidejot/sidejot,3,100.0,2024-11-07T15:44:58
ilyaizen/streak-calendar,2,100.0,2025-01-01T13:20:50
vipwan/Biwen.QuickApi,1,100.0,2025-03-20T11:37:35
kendevco/spaces,2,100.0,2025-01-28T14:55:20
yagami1997/CursorMind,5,100.0,2025-03-07T23:05:13
jlvihv/R2Uploader,1,100.0,2025-02-27T07:42:41
yayxs/ai-coding,5,100.0,2025-01-14T06:23:46
hayyaoe/zenities,2,100.0,2024-10-23T23:36:33
ks0318-p/Cursor-Project-Rules,8,100.0,2025-03-01T22:49:00
iceener/ai,1,100.0,2024-12-05T18:12:51
tunctn/express-next-turborepo-boilerplate,1,100.0,2025-03-02T21:58:48
mikemaccana/solana-anchor-cursor-ai-rules,7,100.0,2025-02-25T15:28:56
johanguse/next-saas-template,1,100.0,2025-01-01T13:39:45
Darlley/saas-admin,3,100.0,2024-10-16T22:21:59
WangQrkkk/ThinkingCursor,1,100.0,2025-01-27T23:39:27
federicofanini/gymbrah.com,6,100.0,2025-01-04T09:45:23
hugetiny/Hapee,3,100.0,2024-11-13T13:01:22
994AK/AI-Collection,2,100.0,2024-09-25T02:42:29
davidgasquez/dotfiles,18,100.0,2025-01-02T13:13:01
wasp-lang/cursor-template,1,100.0,2024-12-04T10:21:56
zueai/create-mcp,7,100.0,2025-02-22T13:22:56
SiriusFHJ/ShangAnNotes,11,100.0,2024-11-21T02:10:32
Seezo-io/cursor-security-rules,1,100.0,2025-03-24T08:30:33
arjitvermaco/DbDost,1,100.0,2024-11-08T02:14:40
R44VC0RP/r2d2,4,100.0,2025-03-16T20:26:09
sunny352/docker,1,100.0,2025-02-25T21:49:27
mckaywrigley/o1-pro-template-system,1,100.0,2025-02-16T14:06:36
mikker/FlickRing.app,2,100.0,2024-08-30T05:00:40
MaggieAppleton/lodestone,1,100.0,2025-02-21T10:45:20
RefTrace/RefTrace,2,100.0,2024-09-03T13:10:37
nirvash/Illustra,4,100.0,2025-03-14T21:57:42
ghostlexly/ultimate-typescript-starter-kit,3,100.0,2024-10-18T12:46:07
symbiota-coop/dandelion,17,99.97062279670975,2025-03-09T03:27:00
nostur-com/nostur-ios-public,1,99.88636363636364,2025-03-06T11:25:00
frostime/sy-f-misc,2,99.87531172069825,2025-01-29T11:20:08
eliheuer/bezy,6,99.85507246376811,2025-02-23T18:28:03
rcmdnk/dotfiles,7,99.79367262723521,2025-02-07T22:00:08
pnd280/complexity,21,99.77653631284916,2024-10-15T22:06:08
focu-app/focu,8,99.72602739726028,2024-09-13T01:55:11
techblitzdev/TechBlitz,8,99.67649173256649,2024-12-19T18:29:17
piotrkulpinski/openalternative,3,99.65782720273738,2024-11-18T08:12:09
formml/formml,3,99.65156794425087,2024-10-25T00:05:28
olyaiy/resume-lm,11,99.61089494163424,2024-12-23T19:02:15
deeeed/expo-audio-stream,8,99.59128065395095,2024-12-10T01:17:26
one-ie/one,7,99.4949494949495,2025-02-10T13:35:33
unmonk/chainlink,11,99.47643979057592,2024-09-18T18:02:34
androiddevnotes/android-modern-movie-app,2,99.45799457994579,2024-09-15T02:04:24
indiesoftby/defold-yagames,1,99.45054945054946,2024-10-07T11:01:47
koljapluemer/learn-worldmap,2,99.42196531791907,2025-03-15T06:32:09
taishikato/supavec,5,99.40546967895362,2025-02-24T22:59:27
un/1up,5,99.39577039274926,2025-03-18T15:47:04
sshh12/spark-stack,10,99.38461538461539,2024-11-09T13:14:07
nikhgupta/dotfiles,1,99.37106918238993,2024-06-09T00:52:30
baku89/tweeq,3,99.33444259567388,2025-03-25T02:57:48
maciej-trebacz/ff7-ultima,9,99.16666666666667,2025-01-19T11:09:16
dcramer/peated,9,99.09803921568627,2024-10-08T12:12:16
metaskills/experts,2,99.08256880733946,2024-09-06T14:03:45
Hankanman/Area-Occupancy-Detection,19,99.05362776025235,2024-12-13T04:43:28
Coyenn/personal-site,1,99.03846153846155,2025-03-08T10:06:08
EugenEistrach/et-stack,20,99.03381642512076,2024-10-02T14:42:05
Noveum/ai-gateway,3,98.93617021276596,2024-11-07T05:49:31
fumiya-kume/mdefaults,10,98.91891891891892,2025-01-11T02:09:42
cbingb666/115master,10,98.89502762430939,2025-02-17T13:31:37
mazeincoding/Mazeway,6,98.86845827439888,2024-12-09T10:21:03
ai-hero-dev/ai-hero,24,98.86363636363636,2025-03-25T05:58:01
LubomirGeorgiev/cloudflare-workers-nextjs-saas-template,17,98.85057471264368,2025-01-09T17:16:34
radzionc/radzionkit,20,98.82154882154882,2025-02-09T23:11:49
veloplanner/map-matrix,1,98.73417721518987,2024-11-18T04:37:56
jlcases/paelladoc,21,98.7012987012987,2025-03-13T16:11:23
LastBotInc/nextjs-supabase-ai-webapp,49,98.69706840390879,2025-02-18T08:43:07
FreePeak/db-mcp-server,28,98.68421052631578,2025-03-16T13:37:23
cameronapak/freedom-stack,6,98.64864864864865,2024-10-28T20:56:55
GatoGraphQL/GatoGraphQL,28,98.63091075367153,2025-03-18T23:04:46
medusajs/examples,2,98.63013698630137,2025-03-19T08:58:11
jparkerweb/pixel-banner,19,98.56938483547926,2024-09-20T10:27:22
masterkram/minted-directory-astro,5,98.55072463768117,2025-03-18T13:39:07
baotoq/micro-commerce,2,98.54014598540147,2025-03-31T10:16:58
Mineru98/mysql-mcp-server,5,98.38709677419355,2025-03-16T20:30:59
benjamincrozat/blog-v5,11,98.28080229226362,2025-01-04T06:39:36
stolinski/drop-in,6,98.26086956521739,2024-12-06T16:03:14
Dankovk/browser-use-node,3,98.21428571428571,2024-12-28T14:17:34
tmbasic-lang/tmbasic,2,98.18468823993686,2025-03-23T04:04:06
thrashr888/terraform-mcp-server,11,98.18181818181819,2025-02-27T18:03:26
ai-driven-dev/rules,30,98.11320754716981,2025-03-10T02:20:19
ahmedkhaleel2004/gitdiagram,1,98.11320754716981,2025-03-06T19:34:45
wakeyi-git/obsidian-card-navigator-plugin,18,98.06629834254143,2025-01-17T22:59:17
a-polishchuk/mastering-react,5,98.02631578947368,2025-01-03T09:34:41
Alezander9/WiiWork,1,98.0,2025-02-15T13:24:38
ctxs-ai/ctxs.ai,7,97.96610169491525,2025-03-04T15:02:49
riclolsen/json-scada,2,97.91154791154791,2025-01-07T13:09:04
ojasskapre/nextjs-starter-template,2,97.87234042553192,2024-08-17T13:37:23
project-89/argOS,3,97.84946236559139,2025-02-15T02:32:49
Kiln-AI/Kiln,28,97.83989834815756,2025-01-05T20:27:07
christophebe/julius-gpt,1,97.83783783783784,2024-09-25T14:55:39
LegendApp/legend-photos,9,97.79411764705883,2025-03-14T22:22:43
JaleelB/readium-x,1,97.76119402985076,2024-08-25T12:46:06
benallfree/pocketpages,4,97.74011299435028,2024-11-22T23:19:32
madarco/ragrabbit,3,97.72727272727273,2025-01-22T13:26:52
wandb/mcp-server,1,97.67441860465115,2025-03-09T13:08:49
respawn-app/FlowMVI,4,97.6365118174409,2024-12-30T18:06:49
exa-labs/exa-deepseek-chat,1,97.61904761904762,2025-01-28T12:55:55
Malte2036/thw-tools,7,97.52252252252252,2025-02-28T03:55:47
convergence-ai/webgames,2,97.5,2025-01-20T18:17:22
Openpanel-dev/openpanel,2,97.4384236453202,2024-11-13T15:15:46
kirill-markin/chatgpt-telegram-bot-telegraf,2,97.38372093023256,2025-02-19T03:26:06
GeekyWizKid/writing-helper,2,97.36842105263158,2025-03-03T00:29:03
Scrapybara/codecapy,1,97.2972972972973,2025-01-21T21:09:31
MDGrey33/pyvisionai,2,97.27891156462584,2025-01-25T09:58:21
ryanwelcher/block-developer-cookbook,2,97.25490196078431,2025-02-06T10:08:44
MaggieAppleton/maggieappleton.com-V3,5,97.19626168224299,2025-03-21T11:33:42
sadmann7/diceui,5,97.16466739367503,2024-11-24T02:02:14
eastlondoner/cursor-tools,43,97.08333333333333,2025-01-13T10:01:13
hzqst/MetaHookSv,6,97.07652622527945,2025-02-28T03:07:45
geoidesic/foundryvtt-actor-studio,7,97.03779366700715,2025-03-15T07:17:48
different-ai/hypr-v0,87,97.03632887189293,2024-11-05T11:38:53
Dimillian/IcySky,1,96.96969696969697,2025-01-30T04:27:30
ghuntley/ghuntley,20,96.96969696969697,2025-02-03T08:37:12
diveagents/dive,7,96.90721649484536,2025-02-23T11:28:31
tiptiz/editor,4,96.85534591194968,2025-03-04T23:11:32
indiesoftby/defold-sharp-sprite,1,96.82539682539682,2024-10-22T19:54:03
BodhiSearch/BodhiApp,17,96.81571815718158,2024-09-22T06:14:51
i-am-alice/3rd-devs,1,96.72131147540983,2024-09-14T08:24:29
dotneet/aica,6,96.71641791044776,2025-02-21T00:29:35
XingQiPan/card-creation,1,96.64804469273743,2025-03-26T05:37:17
DutchCryptoDad/bamboo-ta,5,96.55172413793103,2025-02-13T12:58:31
arcanis/terminosaurus,2,96.42857142857143,2025-01-15T08:24:41
isboyjc/isle-editor,2,96.3855421686747,2024-12-29T11:09:28
The-Pocket/PocketFlow,27,96.36075949367088,2025-02-22T20:07:34
publicrust/rust-analyzer,4,96.1864406779661,2025-01-09T06:29:13
privatefolio/privatefolio,10,96.12983770287141,2025-03-19T16:15:15
thelastbackspace/traceperf,1,96.0,2025-03-15T15:04:49
dustland/agentok,3,95.99406528189911,2025-01-04T06:36:44
brandon-schabel/octoprompt,26,95.9731543624161,2025-01-30T10:49:30
transitive-bullshit/severance-wellness-memes,3,95.8904109589041,2025-03-01T13:49:29
lonestone/rolebase.io,1,95.83333333333334,2025-03-23T19:46:19
appl-team/appl,2,95.83333333333334,2024-12-16T19:44:43
osbytes/crypt.fyi,2,95.65217391304348,2024-12-29T14:54:10
coollabsio/cli-coolify,1,95.65217391304348,2025-01-21T05:12:26
Cidan/BetterBags,3,95.64564564564564,2024-08-28T01:52:10
kargnas/laravel-ai-translator,5,95.60975609756098,2025-03-09T14:07:47
Just-Understanding-Data-Ltd/ai-coding-with-cursor,19,95.45454545454545,2024-09-24T05:30:04
nwiizo/tfmcp,2,95.45454545454545,2025-03-08T10:53:52
harrisonwang/url-shortener,2,95.23809523809523,2024-09-09T04:00:40
buster-so/buster,160,95.18821022727273,2025-01-20T16:11:35
ShunL12324/comfy-portal,5,95.18072289156626,2025-01-22T01:05:51
pockethost/pockethost,4,95.17490952955367,2024-11-21T07:39:52
elbwalker/walkerOS,2,95.1586655817738,2025-02-14T09:37:00
waynesutton/promptstack,5,95.1219512195122,2025-01-29T22:08:40
AIDotNet/Text2Sql.Net,2,95.1219512195122,2025-03-14T04:12:49
xzq-xu/jvm-mcp-server,15,95.1219512195122,2025-03-10T14:55:12
constROD/template-hono-prisma-kysely,19,95.0413223140496,2025-03-02T06:54:48
kokonut-labs/kokonutui,2,94.75308641975309,2024-11-06T09:46:56
Galaxies-dev/threads-clone-react-native,2,94.73684210526315,2024-09-18T09:15:29
Shpigford/society-fail,10,94.73684210526315,2024-08-28T10:55:38
rohitrango/FireANTs,2,94.5945945945946,2025-03-24T11:55:45
utensils/mcp-nixos,51,94.54022988505747,2025-03-20T02:15:15
turbostarter/extro,2,94.44444444444444,2024-11-02T15:02:21
ifokeev/telegram-ai-agent,2,94.44444444444444,2024-10-10T12:00:59
dgokcin/dotfiles,52,94.39728353140917,2024-05-02T04:58:34
reliverse/cli-ai-app-site-anything-builder,15,94.30379746835443,2024-11-30T07:35:42
somatic-labs/meteorite,6,94.24778761061947,2024-10-27T02:55:05
trycompai/comp,64,94.22519509476032,2025-01-15T15:43:57
imhonglu/new-wheels,4,94.19354838709677,2025-01-07T01:36:54
kaushikgopal/playground-android,5,93.98148148148148,2025-02-12T01:53:28
wardbox/roke,7,93.75,2024-11-14T04:23:49
exa-labs/company-researcher,1,93.61702127659575,2024-12-22T11:54:27
yenche123/liubai,4,93.45148044089042,2024-08-25T12:50:54
blacktop/ipsw,5,93.43517753922377,2024-09-25T15:45:18
vcs-python/vcspull,5,93.24894514767934,2025-03-08T09:16:26
KRISACHAN/ying-web,8,92.85714285714286,2024-12-04T21:52:24
mslavov/shelly-forge,3,92.85714285714286,2025-03-30T08:14:08
xingBaGan/atujii,3,92.8082191780822,2025-01-13T09:43:33
DataZooDE/flapi,2,92.77777777777779,2024-09-29T10:01:32
Cassianvale/LingYaoKeys,14,92.56594724220624,2024-12-13T03:38:12
sushaantu/boxento,2,92.55663430420712,2025-03-06T11:03:22
FunnyWolf/Viper,3,92.55583126550869,2025-03-14T09:13:59
radzionc/guitar,1,92.46575342465754,2025-03-18T00:53:23
cognesy/instructor-php,1,92.3963133640553,2024-06-25T14:54:34
ccbikai/DNS.Surf,1,92.3076923076923,2024-09-24T09:15:11
kazuph/mcp-screenshot,1,92.3076923076923,2024-12-24T02:09:34
badass-courses/course-builder,12,92.18809252938945,2025-01-21T00:56:57
tony/django-docutils,1,92.15155615696887,2025-03-08T16:15:10
kivS/lite-queen,1,91.8918918918919,2024-10-10T21:21:33
airas-network/airas-agent,1,91.83673469387756,2025-01-20T12:24:55
kleneway/forq-cli,1,91.83673469387756,2025-03-03T20:03:34
ham2k/app-polo,4,91.8296089385475,2025-03-03T08:55:27
tinybirdco/logs-explorer-template,2,91.81818181818183,2025-02-04T09:13:33
Arie/serveme,4,91.77377892030847,2025-03-15T07:24:54
zenbase-ai/py-priompt,1,91.66666666666666,2024-11-27T02:39:05
VRSEN/agency-swarm-memory-demo,1,91.66666666666666,2025-02-19T20:39:26
Ly-GGboy/AI-Library,5,91.66666666666666,2025-01-05T06:55:02
AttackIQ/DetectIQ,1,91.66666666666666,2024-11-25T13:06:28
kleosr/cursorkleosr,14,91.66666666666666,2025-03-20T03:55:21
motiondivision/motion-vue,4,91.65186500888099,2024-11-14T21:03:42
Bistutu/FluentRead,3,91.63265306122449,2025-01-18T22:45:11
tmux-python/tmuxp,2,91.30434782608695,2025-03-08T16:15:48
dotnetfactory/fluid-calendar,15,91.30434782608695,2025-02-17T07:41:07
namuan/trading-utils,1,91.29901960784314,2024-11-14T06:33:16
agentjido/jido,4,91.24423963133641,2024-12-20T20:30:02
kirill-markin/chrome-auto-image-blocker,5,91.17647058823529,2025-03-06T07:43:48
paulboguta/alternativeoss,5,91.13924050632912,2025-02-22T07:54:09
GODrums/BetterFloat,1,91.05691056910568,2025-03-10T19:30:41
bitcashorg/smartsale,8,91.01796407185628,2024-07-20T15:46:53
ryokun6/ryos,22,90.92979127134726,2025-01-27T22:28:26
hyusap/deconstructor,1,90.9090909090909,2025-02-24T05:16:58
gpt-cmdr/ras-commander,16,90.9090909090909,2024-09-16T15:53:00
labnol/react-tailwind,1,90.9090909090909,2024-09-05T15:29:33
ezyang/codemcp,1,90.80882352941177,2025-03-16T19:27:01
sullyo/webapp-starter,15,90.72164948453609,2025-02-19T14:23:03
rejot-dev/rejot,20,90.71856287425149,2025-02-16T22:08:39
dotabod/frontend,9,90.67611777535441,2025-03-15T09:57:58
CarlosZiegler/zt-stack,2,90.32258064516128,2025-03-05T01:41:11
KroMiose/nekro-agent,13,90.26402640264027,2025-01-14T03:19:21
stacksjs/dtsx,5,90.25522041763341,2025-02-19T09:36:00
heyverse/hey,11,90.14171287738756,2025-03-18T00:37:08
elie222/inbox-zero,169,89.6540830832412,2024-09-16T17:34:36
ccbikai/hacker-news,1,89.53488372093024,2025-02-14T21:38:12
sbomify/sbomify,26,89.47368421052632,2025-01-30T14:48:16
DarkSkyTeam/kirara-webui,3,89.42307692307693,2025-02-06T06:59:52
fengkx/beancount-lsp,10,89.3569844789357,2025-02-26T08:26:01
Julian-AT/synth-ui,1,89.24731182795699,2024-10-13T16:17:06
TextGeneratorio/text-generator.io,5,89.1891891891892,2025-03-28T21:30:55
The-Pocket/PocketFlow-Template-Python,11,89.13043478260869,2025-02-28T18:25:20
airweave-ai/airweave,77,89.06906906906907,2025-03-03T08:58:47
dougwithseismic/cursor-tools,1,89.0625,2025-01-21T20:16:24
ToolUse/infinite-ai-seo,1,88.88888888888889,2025-02-05T01:57:55
justdoinc/justdo,4,88.46153846153845,2025-03-20T11:51:58
nauvalazhar/gollama,1,88.23529411764706,2025-01-28T09:50:48
unsend-dev/unsend,4,88.18181818181819,2025-03-22T16:06:56
rubenarslan/formr.org,13,87.93532338308458,2025-01-10T04:26:07
kingbootoshi/cypher-swarm,2,87.71929824561403,2024-11-24T05:56:51
DataZooDE/erpl,5,87.60330578512396,2025-03-22T22:31:52
tony/django-slugify-processor,1,87.48768472906404,2025-03-08T16:15:13
ChatFAQ/ChatFAQ,4,87.30964467005076,2024-09-16T06:07:17
undb-io/undb,2,87.10280373831776,2025-03-07T22:36:58
helius-labs/kite,4,87.06896551724138,2025-02-05T16:51:51
serversideup/docker-ssh,1,86.95652173913044,2024-11-13T15:15:05
QuantGeekDev/mcp-framework,8,86.76470588235294,2025-03-28T13:02:56
parres-hq/whitenoise,9,86.5546218487395,2025-03-26T13:13:43
MathiasGruber/TheNinjaRPG,8,86.47040400876918,2025-02-27T09:22:49
kingbootoshi/cypher,5,86.20689655172413,2024-12-12T00:40:04
Swiftgum/swiftgum,3,85.90308370044053,2025-02-19T04:07:24
T1nker-1220/UltraContextAI,9,85.71428571428571,2025-02-07T07:10:27
hellokaton/namesage,1,85.71428571428571,2025-02-10T20:43:45
comet-ml/opik-mcp,2,85.71428571428571,2025-03-06T07:56:04
serversideup/spin,1,85.60311284046692,2024-12-19T09:22:11
langfuse/langfuse-docs,81,85.59765543227968,2025-02-13T09:11:32
zueai/mcp-manager,2,85.52631578947368,2024-12-08T05:13:53
afadil/wealthfolio,5,85.45953360768176,2024-11-09T09:30:09
vulhub/vulhub,18,85.3836784409257,2025-03-04T13:39:39
cyberk-lab/nestjs-boilerplate,7,85.18518518518519,2025-01-15T03:45:39
W1ndys/Blog,1,85.0187265917603,2025-01-11T08:07:50
publicrust/rust-template,21,84.8314606741573,2025-01-01T19:39:11
daydreamsai/daydreams,15,84.72454090150251,2025-03-05T04:32:04
shakee93/rapidload,12,84.62530448488323,2024-09-10T04:19:37
micic-mihajlo/Datalore,1,84.61538461538461,2025-02-16T19:49:58
eser/deno-next-showcase,1,84.61538461538461,2024-09-28T17:48:53
henryhawke/mcp-titan,2,84.31372549019608,2025-02-20T11:28:30
superglue-ai/superglue,14,84.27586206896551,2025-02-24T17:09:05
Ashref-dev/entretien-ai,3,84.24657534246576,2024-12-01T11:07:18
level09/enferno,10,84.03141361256544,2025-02-10T15:45:08
hudy9x/namviek,3,83.90243902439025,2024-12-22T11:02:33
getgrinta/grinta,7,83.87096774193549,2025-03-10T12:16:30
GramSearch/telegram-search,8,83.64888123924268,2025-03-18T03:06:11
richardadonnell/Upwork-Job-Scraper,14,83.61581920903954,2024-09-12T19:49:00
AdirD/nestjs-context-logger,2,83.5820895522388,2025-03-04T08:40:24
humblFINANCE/humblDATA,10,83.49120433017592,2024-03-07T06:18:17
shopwareLabs/extension-verifier,5,83.47457627118644,2025-03-04T08:21:40
drivly/ai,24,83.44803854094975,2025-03-30T10:48:02
ephemeraHQ/xmtp-agent-examples,47,83.4090909090909,2025-01-17T18:23:19
jmurth1234/ClaudePlayer,1,83.33333333333334,2025-03-09T06:51:20
MafiaHub/Framework,4,83.16445830085738,2025-03-20T07:29:20
knowii-oss/knowii,5,83.13953488372093,2024-09-24T04:48:25
kremalicious/blog,5,83.09370352007932,2025-02-13T14:41:20
DumbWareio/DumbPad,4,82.97872340425532,2025-02-21T12:15:05
movibe/memory-bank-mcp,6,82.97872340425532,2025-03-08T00:28:06
VRSEN/agency-swarm,42,82.8900071890726,2024-10-10T02:11:03
code-atlantic/content-control,4,82.88650580875782,2025-03-14T03:55:46
h7ml/ai-markdown-translator,2,82.88288288288288,2025-03-24T09:36:43
toheart/goanalysis,14,82.66666666666667,2025-02-14T22:09:30
ericmjl/llamabot,11,82.6222684703434,2024-09-27T08:27:29
cl-victor1/nuxt-template-stripe-supabase-google-i18n-kofi,1,82.35294117647058,2024-09-29T23:18:24
tegnike/aituber-kit,39,82.24734042553192,2025-01-23T08:57:37
PatrickJS/awesome-cursorrules,55,82.10526315789474,2024-09-16T11:47:45
open-fractal/flur,2,82.0754716981132,2024-10-05T20:52:40
calcitem/Sanmill,1,81.93986820428336,2025-03-14T20:17:05
array2d/deepx,13,81.9078947368421,2025-02-12T06:01:21
q1226189767/FlyAdmin,1,81.81818181818183,2025-02-19T04:28:59
tphakala/birdnet-go,4,81.55339805825243,2025-03-28T12:20:16
eyaltoledano/claude-task-master,132,81.54235145385587,2025-03-04T13:55:17
IamLiuLv/compoder,12,81.33333333333333,2025-03-08T22:51:36
L-Blondy/up-fetch,5,81.26919140225179,2025-01-28T12:02:06
ygsgdbd/DanceKunKun,1,81.25,2024-12-10T10:15:14
Vrooli/Vrooli,17,81.20554099588169,2024-08-24T13:10:36
mikker/LeaderKey.app,1,81.06060606060606,2025-02-28T07:35:22
gerred/mcp-server-replicate,4,80.76923076923077,2025-01-05T19:39:31
shadowoff09/pathfinder,1,80.7017543859649,2025-02-16T21:56:09
melissamcewen/CurlsBotSite,24,80.2675585284281,2024-12-18T08:10:51
Apocrathia/home-assistant-config,2,80.19323671497585,2025-02-17T20:15:52
noelrohi/www,3,80.17492711370262,2025-03-25T05:07:54
mediar-ai/screenpipe,12,80.15515515515516,2024-10-16T14:40:02
sshtunnelvision/MCP-LOGO-GEN,2,80.0,2025-03-05T17:20:12
c4fun/tell-stories-webui,1,80.0,2025-02-02T21:06:19
ngxpert/input-otp,1,80.0,2025-02-11T01:57:28
flashclub/thinking-cursor-rules,2,80.0,2024-11-18T23:20:59
shnai0/stripe-mrr,1,80.0,2024-08-27T11:19:28
Aronnaxx/Behold-Urwar-Droid-Concepts,2,79.41176470588235,2025-03-24T17:11:03
wham/kaja,4,79.16666666666666,2025-03-06T01:52:47
WolframResearch/Chatbook,2,79.14969450101833,2025-02-05T11:33:18
indiesoftby/defold-hyper-trails,1,79.04761904761905,2025-03-28T07:07:12
daojiAnime/vmq-fastapi,1,78.94736842105263,2025-01-22T09:17:10
umijs/tnf,5,78.75,2024-12-03T21:30:38
AnEntrypoint/apptoapp,9,78.6624203821656,2025-02-13T11:23:22
magebitcom/magento-toolbox,6,78.53658536585367,2025-03-14T15:16:41
synaptiai/prompt-decorators,9,78.36734693877551,2025-03-05T17:43:37
webdevcody/tanstack-course-platform,8,78.08988764044943,2025-03-21T13:51:39
humanspeak/svelte-markdown,10,78.01652892561984,2025-01-01T11:14:03
cloudflare/agents,2,77.93764988009593,2025-02-27T15:44:38
matebenyovszky/healing-agent,2,77.77777777777779,2024-10-28T20:36:12
vanzan01/cursor-memory-bank,22,77.33333333333333,2025-03-21T22:18:19
Dstack-TEE/dstack,1,77.21518987341773,2024-10-24T22:50:26
Chocksy/qc-options-framework,2,77.0,2025-03-21T12:54:25
tsukumijima/KonomiTV,8,76.76414494596312,2025-01-27T15:56:29
przeprogramowani/ai-rules-builder,10,76.63551401869158,2025-03-21T11:52:50
makerkit/react-native-expo-turbo-saas-kit,2,76.47058823529412,2025-01-18T02:17:06
cuongtl1992/mcp-dbs,1,76.47058823529412,2025-03-18T00:26:07
cohnen/mcp-google-ads,3,76.47058823529412,2025-03-20T14:19:32
refly-ai/refly,21,76.45392186101998,2024-11-17T22:53:03
Spectral-Finance/lux,14,75.96638655462185,2025-01-13T04:03:41
leettools-dev/leettools,2,75.91240875912408,2025-03-10T11:46:46
Kiranism/next-resume-ai,3,75.77319587628865,2025-02-05T05:47:13
cjinhuo/blazwitcher,3,75.56270096463022,2025-02-14T00:59:10
The-Pocket/Tutorial-Cold-Email-Personalization,2,75.0,2025-03-05T11:31:52
fatwang2/gitpush,1,75.0,2025-03-06T22:51:28
bmadcode/cursor-xml-rules-trial,5,75.0,2025-02-12T00:20:29
grapeot/devin.cursorrules,12,75.0,2024-12-17T13:40:11
timothywarner/ai900,2,75.0,2025-03-14T17:55:11
slashequip/laravel-segment,1,75.0,2025-02-20T16:05:12
umussetu/marble-stack,1,75.0,2025-03-04T11:15:43
TheSethRose/Agent-Chat,1,75.0,2024-10-20T22:55:54
ZackFra/Salesforce-Moxygen,4,74.3068391866913,2025-02-12T20:41:16
YourTechBud/ytb-practical-guide,1,74.28571428571429,2025-02-11T18:13:09
script-kit/app,9,74.14732014903984,2024-08-08T14:02:36
utensils/essex,1,74.11764705882354,2025-03-18T17:33:17
ThinkInAIXYZ/deepchat,42,74.070796460177,2025-02-19T03:51:22
Lunaris-Project/HyprLuna,5,73.97769516728626,2025-03-26T01:19:16
stacksjs/tlsx,2,73.94366197183099,2025-02-20T01:40:05
LeeMangold/OpenGRC,1,73.93364928909952,2025-02-16T15:55:22
MervinPraison/PraisonAI,31,73.65079365079366,2024-12-23T19:43:41
mantou132/gem,2,73.49397590361446,2025-02-26T03:33:26
LeonKohli/RepoLingo,1,73.46938775510205,2024-10-19T13:14:42
kelvin6365/rocksdev.tools,1,73.4567901234568,2025-01-11T07:29:30
gjsify/ts-for-gir,73,73.38129496402878,2025-03-21T03:31:46
triggerdotdev/trigger.dev,21,73.37920489296637,2025-03-10T09:26:13
nevalang/neva,3,73.28055418109847,2024-10-12T12:29:32
yamadashy/repomix,10,73.26685660018994,2025-03-17T09:38:25
zkSoju/frame,3,73.17073170731707,2025-01-19T17:32:35
geyserfund/geyser-app,35,73.1591737545565,2025-02-18T15:13:58
wosherco/bashbuddy,1,73.09941520467837,2025-03-03T09:43:42
samuelclay/NewsBlur,5,73.066922903007,2024-08-06T18:37:36
Tmeister/wppb-generator,6,73.03370786516854,2024-09-03T17:47:34
cloudflare/agents-starter,3,72.92817679558011,2025-02-27T15:10:37
LIT-Protocol/agent-wallet,1,72.74220032840722,2024-12-22T18:39:40
thorski1/LouMinouS,1,72.72727272727273,2024-12-05T12:45:32
liam-hq/liam,52,72.63978930307941,2025-01-27T23:33:34
yagami1997/TradeMind,4,72.36363636363636,2025-03-10T09:26:33
hijohnnylin/neuronpedia,1,72.20708446866485,2025-03-01T01:00:09
Meeting-Baas/speaking-meeting-bot,3,72.02380952380952,2024-11-16T06:14:02
xlnfinance/xln,2,71.91011235955057,2025-02-18T13:54:58
jakejarvis/jarv.is,7,71.53453871117293,2025-03-06T08:19:37
jpmorgan-payments/embedded-finance,35,71.30620985010707,2025-01-09T20:11:31
meta-secret/meta-secret-core,20,71.22969837587007,2025-03-01T00:27:47
webdevcody/survive-the-night-game,3,71.03825136612022,2025-01-25T20:36:30
sirkirby/unifi-network-rules,6,71.01449275362319,2025-03-07T18:41:21
serge-0v/next-js-sanity-starter,5,70.74829931972789,2025-03-17T22:02:31
helixml/helix,33,70.66020313942751,2024-10-30T09:45:26
ShieldBattery/ShieldBattery,5,69.66844919786097,2025-03-14T15:48:49
abyssparanoia/rapid-go,3,69.3941286695815,2025-03-09T10:39:49
umodoc/editor,2,69.35014548981572,2024-09-11T06:07:28
pnizer/wweb-mcp,1,68.75,2025-03-12T21:25:29
YumNumm/EQMonitor,14,68.6358754027927,2024-11-30T06:25:48
Altinity/clickhouse-grafana,6,68.2092555331992,2024-04-28T08:55:38
nndeploy/nndeploy,10,67.86427145708582,2025-03-21T13:31:53
creazy231/tools-for-autodarts,11,67.86296900489397,2025-03-12T07:49:25
vulhub/vulhub-org,5,67.77777777777779,2025-03-12T15:19:50
AnswerDotAI/MonsterUI,2,67.76212832550861,2025-01-23T06:26:43
0xAquaWolf/portfolio,1,67.70186335403726,2024-09-04T14:27:49
JhumanJ/OpnForm,6,67.67317939609237,2025-02-17T05:27:58
Wafris/wafris-rb,2,67.55162241887905,2024-10-15T06:53:49
antiwork/helper,7,67.26519337016575,2025-02-28T08:43:48
langfuse/langfuse,14,67.18247588424437,2025-03-09T18:54:01
nerds-odd-e/doughnut,33,66.74278464954013,2025-02-04T02:45:52
SunHuawei/SourceDetector,1,66.66666666666666,2025-02-03T10:26:38
benbjurstrom/plink,1,66.66666666666666,2024-09-29T16:40:20
yavuzyalcintas/cursornew,1,66.66666666666666,2025-01-17T12:34:22
David-Sola/AIGaming,1,66.66666666666666,2025-03-09T03:35:43
gensx-inc/gensx,4,66.5,2025-03-06T22:29:03
linshenkx/prompt-optimizer,12,66.4819944598338,2025-01-17T08:37:11
alphaonelabs/alphaonelabs-education-website,7,66.35838150289017,2025-01-24T23:30:59
qpd-v/mcp-DEEPwebresearch,2,66.0377358490566,2024-12-05T12:21:57
Helicone/helicone,11,65.97563581961957,2025-03-03T21:27:03
maERP/maERP,18,65.88072122052705,2025-01-12T15:10:42
Vagabonds-Labs/cofiblocks,9,65.85365853658537,2024-08-26T17:49:40
cgranier/tabSidian,1,65.85365853658537,2024-10-29T13:10:17
kkrt-labs/keth,9,65.8465991316932,2024-12-31T05:34:13
imrishit98/rp-nextjs-starter,4,65.73426573426573,2024-09-14T22:59:20
adidahiya/raga,2,65.63517915309446,2025-01-13T07:57:15
wdm0006/pygeohash,4,65.55555555555556,2025-03-01T08:01:19
netresearch/timetracker,11,65.32066508313538,2025-03-30T15:27:49
benbjurstrom/otpz,1,65.0,2024-12-10T10:54:23
VladSez/easy-invoice-pdf,6,64.76190476190476,2025-02-17T14:04:28
different-ai/note-companion,22,64.54635108481263,2024-10-15T11:00:23
stevesarmiento/solana-starter,1,64.28571428571429,2024-11-11T00:47:51
boul2gom/yt-dlp,3,64.16666666666667,2025-03-16T11:39:33
yuiseki/TRIDENT,1,64.10848240046163,2024-12-06T20:29:07
kturung/Langgraph-Multi-Agent-HITL-Form,1,63.63636363636363,2025-02-26T14:46:07
whiteducksoftware/flock,12,63.63636363636363,2025-03-10T03:25:50
zilliztech/mcp-server-milvus,4,63.33333333333333,2025-03-11T09:01:32
bonny/WordPress-Simple-History,10,63.26951951951953,2025-03-14T06:01:04
alexander-turner/TurnTrout.com,6,62.91647295831396,2025-02-07T14:56:41
autonomys/astral,9,62.82314320886335,2024-08-15T17:23:57
PufferFinance/puffer-contracts,2,62.56983240223464,2024-09-09T11:45:20
cmackenzie1/torii-rs,3,62.56410256410256,2025-02-02T13:05:44
joelhooks/logseq-mcp-tools,1,62.5,2025-03-12T16:20:45
The-Pocket/Tutorial-Cursor,1,62.5,2025-03-14T18:24:33
paulpham157/paul-s-cursor-rules,4,62.5,2025-03-24T00:35:50
daytimedrinkingclub/shipstation,3,62.44239631336406,2024-06-29T08:49:05
MythicalLTD/MythicalDash,6,62.197092084006464,2025-01-24T19:15:58
LIT-Protocol/developer-guides-code,2,61.995753715498935,2024-11-16T22:22:36
ssdeanx/deep-research-mcp-server,1,61.904761904761905,2025-02-20T16:55:36
spences10/scottspence.com,2,61.70710318620286,2024-09-15T10:21:44
OpenMOSS/Language-Model-SAEs,10,60.95979247730221,2024-12-26T23:11:46
coollabsio/coolify.io,1,60.726072607260726,2025-03-11T08:23:00
icantcodefyi/cattype,1,60.71428571428571,2025-02-15T07:31:05
Dwtexe/cursor-stats,5,60.50420168067227,2025-02-06T09:47:49
betagouv/france-chaleur-urbaine,28,60.31997187060478,2025-02-12T05:41:02
FurkanKayaDev/react-native-spotlight-guide,1,60.0,2025-02-12T11:13:25
samuelgursky/davinci-resolve-mcp,1,60.0,2025-03-26T15:43:34
renocrypt/lumina-research-renocrypt,1,60.0,2024-10-15T17:25:12
Cunninger/grok-remain-count,1,60.0,2025-02-24T19:32:50
deltazefiro/Amarok-Hider,4,59.87158908507223,2025-02-03T06:44:41
JesusFilm/core,10,59.812853976852985,2025-02-07T23:12:40
wp-graphql/wp-graphql,15,59.5707656612529,2024-12-13T18:46:06
silvonli/Summa,2,59.2964824120603,2024-11-25T18:52:12
trycua/cua,10,59.077155824508324,2025-03-16T11:06:32
allthingslinux/tux,12,58.489842851667305,2025-02-13T16:27:20
DataDog/datadog-ci-rb,24,58.421851289833086,2025-03-13T11:34:33
f/awesome-chatgpt-prompts,3,58.27814569536424,2025-01-05T08:58:24
teamreflex/cosmo-web,6,57.974683544303794,2025-02-27T09:50:19
ericmjl/pyds-cli,2,57.57575757575758,2024-11-03T10:12:51
kern/filepizza,1,57.52688172043011,2024-12-28T23:13:59
antiwork/flexile,11,57.39837398373984,2025-03-27T07:40:03
neal-zhu/sentinel,2,57.14285714285714,2024-11-15T18:01:43
grafana/faro-flutter-sdk,7,56.94444444444444,2025-03-04T06:47:00
smorin/py-launch-blueprint,6,56.886227544910184,2025-03-23T01:20:26
sectsect/wp-tag-order,1,56.550580431177444,2024-04-19T06:30:34
obytes/react-native-template-obytes,1,56.30498533724341,2025-02-18T11:01:28
darenmalfait/nerdfish.be,5,56.195462478184986,2025-02-17T03:34:10
rizonesoft/Resolute,1,56.17977528089888,2025-03-21T18:10:19
parterburn/dabble.me,2,55.6090515166105,2024-08-06T11:48:58
united-manufacturing-hub/united-manufacturing-hub,19,55.47272111148763,2025-03-24T12:06:30
osomai/servicenow-mcp,1,55.00000000000001,2025-03-24T18:24:14
omnisat/lasereyes-mono,3,54.71596998928189,2025-03-21T03:25:43
martinnormark/neural-mesh-simplification,3,54.54545454545454,2025-01-24T06:05:50
tobi/dotfiles,1,54.44444444444444,2025-03-04T17:51:17
namesakefyi/namesake,1,54.41478439425052,2025-01-30T17:52:11
epicweb-dev/epic-stack,1,54.11764705882353,2025-03-21T18:26:14
darkroomengineering/satus,7,53.91304347826087,2025-02-11T13:45:53
v112263/it-autonomos-spain,10,53.862660944206006,2025-03-10T18:29:10
dxos/dxos,9,53.49535382416012,2025-02-26T17:39:56
leaperone/MultiPost-Extension,9,53.333333333333336,2024-11-12T02:26:59
Metta-AI/metta,19,53.105781057810574,2025-02-06T18:17:10
ably/ably-chat-js,12,52.980132450331126,2025-03-03T10:27:32
jhonsfran1165/unprice,13,52.879581151832454,2024-09-02T12:48:40
lucasromerodb/impuestito-extension,2,52.800000000000004,2024-12-30T16:02:11
nuotsu/sanitypress,2,52.10577864838394,2025-03-12T16:39:46
storybookjs/storybook,78,52.054281313741,2025-03-24T05:51:02
c15t/c15t,6,51.62907268170426,2025-01-21T19:23:46
metriport/metriport,16,51.57987936472802,2024-10-31T19:16:21
howoii/SmartBookmark,1,51.515151515151516,2025-01-09T21:27:19
kepano/flexoki,2,51.22699386503068,2025-01-02T17:48:52
julep-ai/julep,21,51.10964623159745,2025-03-01T04:30:21
PrefectHQ/marvin,11,50.698501397002794,2025-01-28T10:44:29
DataScienceUIBK/Rankify,2,50.324675324675326,2025-03-27T14:17:07
browserbase/stagehand,5,50.16666666666667,2025-03-31T05:10:47
sam-goodwin/alchemy,18,50.0517063081696,2025-01-19T18:22:59
BlueCentre/monorepo,1,50.0,2023-05-29T04:53:30
rstropek/Samples,3,49.42263279445728,2024-10-07T08:16:16
EcomExperts-io/Base,12,49.23371647509578,2025-03-20T11:41:46
instructor-ai/instructor,4,48.59205776173285,2025-03-03T15:29:51
tryethernal/ethernal,4,48.32535885167464,2025-03-09T08:40:16
haqq-network/frontend,3,48.22366388631449,2024-11-06T01:56:11
antiwork/iffy,1,47.91666666666667,2025-01-27T12:18:48
fatwang2/search1api-mcp,1,47.69230769230769,2025-03-18T06:42:13
discus0434/nook,1,47.61904761904761,2025-02-28T10:43:33
openintegrations/openint,22,46.38318670576735,2025-03-26T20:55:23
MetaMask/delegation-framework,4,46.07329842931937,2024-09-20T14:39:03
yumemi-inc/flutter-mobile-project-template,64,45.92346089850249,2024-12-03T02:45:39
The-Pocket/Tutorial-AI-Paul-Graham,1,45.83333333333333,2025-03-07T00:30:10
wunderio/drupal-project,7,45.77397910731244,2025-03-10T08:01:23
0xfrankz/Kaas,3,45.766129032258064,2024-08-28T02:12:04
jonathanbertholet/promptmanager,3,45.56962025316456,2025-03-02T04:35:26
tw-haiven/haiven,13,45.46675621222297,2025-02-04T08:49:18
pAIrprogio/oai,1,44.73684210526316,2024-04-08T16:08:16
CopilotKit/open-multi-agent-canvas,1,44.642857142857146,2025-02-06T18:34:45
flexprice/flexprice,2,44.402420574886534,2025-02-26T09:37:54
nguyenvanduocit/epubtrans,1,44.02985074626866,2025-03-06T04:57:06
efdevcon/monorepo,7,43.753062224399805,2024-09-03T11:52:39
penxle/readable,1,43.07795698924731,2024-08-25T09:29:36
ultrasoundmoney/mev-analysis,2,42.89855072463768,2025-02-26T11:11:38
geeksblabla/geeksblabla.community,3,42.68177525967894,2024-10-11T17:28:29
ihezebin/go-template-ddd,1,42.63565891472868,2025-01-09T02:25:24
williamcotton/webdsl,2,42.63322884012539,2025-01-13T08:32:53
paramountric/digitaltwincityviewer,1,42.515500442869794,2025-01-31T10:25:42
milaboratory/platforma,19,42.417541920029485,2025-03-01T13:31:57
loglayer/loglayer,7,42.19653179190752,2025-03-16T18:52:43
oven-sh/bun,26,41.88434918508596,2024-12-26T14:48:11
rohenaz/allaboard-bitchat-nitro,5,41.66666666666667,2024-12-18T21:53:35
mrabdussalam/zakat-calculator,1,41.66666666666667,2025-02-21T02:03:31
genesis-ai-dev/codex-editor,8,41.563113145846955,2025-02-01T13:23:49
rohenaz/bmap,3,41.474654377880185,2024-12-20T19:48:14
scalar/scalar,7,40.899357601713064,2025-03-13T12:54:46
databricks-demos/dbdemos,2,40.833333333333336,2024-10-31T11:29:30
DiscourseGraphs/discourse-graph,3,40.8243375858685,2025-03-22T17:56:39
LeonKohli/browser-fingerprint,1,40.816326530612244,2024-11-08T10:51:13
balancer/pool-creator,2,40.51724137931034,2024-10-04T16:01:33
GorvGoyl/Personal-Site-Gourav.io,3,40.39408866995074,2024-11-30T04:38:29
kitlangton/Hex,1,40.38461538461539,2025-02-21T20:14:00
cloudposse/atmos,3,40.33613445378151,2025-03-19T22:22:49
HubSpot/cms-elevate-theme-public,24,40.22346368715084,2025-02-14T14:50:52
Van-LLM-Crew/cursor-secure-coding,2,40.0,2025-03-18T13:51:48
T1nker-1220/memories-with-lessons-mcp-server,1,40.0,2025-02-13T10:13:38
wdm0006/elote,3,39.02439024390244,2025-02-26T14:15:13
mangosqueezy/mangosqueezy,1,38.81118881118881,2025-02-14T10:23:04
imbhargav5/rooks,7,38.209606986899566,2025-03-24T02:54:41
terryyin/lizard,5,38.115449915110354,2025-01-30T22:51:24
imazen/imageflow,6,37.94610342316096,2025-02-11T18:27:46
PySpur-Dev/pyspur,2,37.8328173374613,2025-03-20T08:05:54
The-Pocket/PocketFlow-Typescript,1,37.67123287671233,2025-03-30T21:25:28
Automattic/remote-data-blocks,4,37.2,2024-08-20T01:05:08
stakefish/eth2-batch-deposit,4,36.84210526315789,2025-03-25T07:14:54
konecty/Konecty,3,36.536430834213306,2024-12-10T08:05:36
RiverTwilight/Geekits,5,36.51162790697675,2024-11-06T22:15:18
thedaviddias/llms-txt-hub,3,36.49789029535865,2025-02-20T23:46:09
514-labs/moose,11,36.46706586826347,2025-02-23T11:15:27
ant-design/ant-design,11,36.330090573633015,2025-03-10T03:56:15
metoro-io/mcp-golang,1,36.206896551724135,2025-01-21T13:42:29
MayGo/tockler,3,36.019242333132894,2025-03-15T12:51:00
ToolUse/tool-use-ai,2,36.0,2024-12-02T14:23:29
maybe-finance/maybe,15,35.65891472868217,2025-02-03T19:30:03
shopware/shopware-cli,5,35.573874445149016,2025-03-18T08:46:22
smartian1/tgtrader,1,35.51020408163265,2025-01-08T11:09:45
latechforce/engine,33,35.490260812149224,2025-02-26T03:32:53
novuhq/docs,9,35.46646106399383,2025-02-11T02:48:27
Shopify/cli,10,34.79873761142794,2024-09-27T06:00:29
udecode/plate,46,34.550379198266526,2024-08-27T23:23:28
pollinations/pollinations,5,34.42176870748299,2024-09-28T18:25:59
ditto-assistant/ditto-app,13,34.33155080213904,2025-02-22T20:02:16
nucleuscloud/neosync,3,34.15311384371281,2025-03-04T14:21:15
GPT-language/gpt-tutor-for-chrome,2,33.496332518337404,2024-12-10T15:08:48
wesleyel/cloudmark,2,33.33333333333333,2025-02-25T10:18:36
transloadit/node-sdk,13,32.70440251572327,2024-12-09T09:28:22
supertokens/supertokens-python,3,32.51824817518248,2024-08-25T11:23:11
tphakala/birdnet-pi2go,1,32.5,2025-03-25T05:09:01
synatic/noql,3,32.37221494102228,2024-09-11T03:11:34
Comfy-Org/desktop,7,32.31396534148828,2025-02-07T13:22:00
DumbWareio/DumbDrop,2,32.038834951456316,2025-02-16T18:39:13
marianfoo/ui5-lib-diff,1,31.92771084337349,2025-02-20T06:38:46
settlemint/sdk,14,31.82552504038772,2024-08-06T02:33:59
orionjs/orionjs,9,31.80280328661189,2025-03-08T19:20:45
rivet-gg/actor-core,2,31.675874769797424,2025-03-25T17:27:44
recallnet/js-recall,9,30.69679849340866,2025-03-27T00:31:21
OpenAgentsInc/openagents,7,30.562884784520666,2025-03-22T22:23:11
santiment/sanbase2,2,30.382555470543227,2025-03-20T03:57:29
OneBlockPlus/polkadot-hackathon-2024,5,30.347349177330894,2024-08-27T22:30:50
helius-labs/helius-sdk,1,30.23255813953488,2025-02-14T15:46:04
manifoldmarkets/manifold,1,29.9914099889557,2025-07-23T17:10:24
Melvynx/next-zod-route,5,29.78723404255319,2025-02-27T21:14:12
zauberzeug/nicegui,3,29.676787463271303,2025-03-10T10:58:46
ccbikai/github-stars,2,29.268292682926827,2024-12-01T05:00:27
tkt-actions/add-issue-links,5,28.38283828382838,2025-03-30T07:15:52
KRISACHAN/front-end-project,1,28.31858407079646,2024-12-18T23:37:40
towns-protocol/towns,15,28.303130148270185,2025-01-12T17:25:36
promptfoo/promptfoo,6,28.2771194165907,2025-03-09T17:26:49
ProcessMaker/processmaker,5,28.02970225650638,2024-11-27T08:32:52
supermemoryai/supermemory,4,27.8434940855323,2025-01-20T19:49:19
DataZooDE/erpl-web,1,27.65151515151515,2024-10-08T22:34:53
supabase-community/postgres-language-server,1,27.573062261753496,2025-02-12T03:26:21
0xsend/sendapp,4,27.472072817542408,2025-03-06T10:54:52
fantastic-admin/basic,1,26.60427807486631,2025-03-26T03:45:16
warmachine028/memories,3,26.35350318471338,2024-10-14T17:07:03
wdm0006/git-pandas,2,26.34730538922156,2025-03-13T19:45:43
AIDC-AI/ComfyUI-Copilot,4,25.931232091690543,2025-01-19T08:36:25
helius-labs/helius-rust-sdk,2,25.41436464088398,2025-02-21T14:41:56
cgevans/qslib,3,25.38293216630197,2025-02-03T17:41:43
Wox-launcher/Wox,16,24.080787156913516,2024-12-22T09:24:04
OWASP-BLT/BLT,11,23.98313492063492,2025-02-09T06:14:15
alanhe421/alfred-workflows,1,23.873239436619716,2025-03-14T00:12:47
woocommerce/woocommerce,10,23.74836743578581,2025-02-14T06:16:51
oaknational/oak-ai-lesson-assistant,2,23.543400713436384,2025-03-25T08:08:56
mikeNspired/XRI-Starter-Kit,1,23.387096774193548,2025-02-10T02:10:01
swc-project/swc,2,23.382591457920345,2025-03-06T07:52:29
Comfy-Org/litegraph.js,1,23.1941309255079,2025-03-16T22:23:39
hashintel/hash,12,23.10098738879656,2025-03-06T05:54:21
HugoRCD/shelve,2,22.70875763747454,2024-11-26T09:45:43
holochain/holochain,1,22.61202604366143,2024-10-08T21:11:08
PostHog/posthog,11,22.274470086088403,2025-02-25T16:15:24
PostHog/posthog-foss,11,22.273664412051943,2025-02-25T16:15:24
loopwork-ai/iMCP,1,22.22222222222222,2025-03-05T14:05:53
hooray/fantastic-startkit,1,22.22222222222222,2025-03-26T03:29:27
infinite-table/infinite-react,2,21.99582027168234,2024-08-27T07:27:54
Automattic/a8c-ci-toolkit-buildkite-plugin,3,21.75925925925926,2025-02-19T11:28:40
The-Pocket/Tutorial-Youtube-Made-Simple,1,21.428571428571427,2025-02-25T20:40:05
zzfn/zzf,1,21.07682206172029,2025-01-24T03:18:06
twentyhq/twenty,11,20.93141621071383,2024-12-31T08:13:23
timothywarner/az305,1,20.588235294117645,2025-02-04T08:51:15
highlight/highlight,3,20.57110384997869,2025-02-06T16:27:07
module-federation/core,9,20.425398811385673,2024-05-10T00:43:51
KaizeNodeLabs/SafeSwap,4,20.105820105820104,2024-11-01T09:44:36
ericzakariasson/uber-eats-mcp-server,1,20.0,2025-03-01T14:36:18
ba-archive/blue-archive,2,19.979919678714857,2025-02-26T07:48:34
verygoodplugins/wp-fusion-lite,3,19.841269841269842,2025-03-02T23:40:37
maidsafe/autonomi,8,19.736126224156692,2024-11-07T15:55:15
hoophq/hoop,1,18.98148148148148,2025-03-11T17:36:30
yeagerai/genlayer-studio,1,18.83116883116883,2025-03-25T14:22:18
jrmybtlr/usemods,2,18.828049951969263,2025-02-25T17:50:22
tweneboah/youtube-tutorials-projects,2,18.51851851851852,2025-01-23T02:19:26
quantalogic/qllm,1,18.262806236080177,2024-09-03T19:03:32
GoSimplicity/AICoreOps,2,18.085106382978726,2025-01-23T08:56:35
ardriveapp/ardrive-web,5,17.971047274372314,2025-01-29T09:21:16
vietanhdev/anylabeling,2,17.670682730923694,2025-03-14T10:37:55
ygsgdbd/TypeSwitch,1,17.391304347826086,2024-12-06T10:18:00
block/ftl,6,17.243938644235527,2025-03-02T18:32:14
pig-mesh/pig-ui,3,17.24137931034483,2024-11-08T10:04:10
opentoolsteam/cli,3,16.901408450704224,2025-03-12T04:02:38
saleor/saleor-app-template,2,16.666666666666664,2025-03-11T08:34:55
panther-labs/panther-analysis,4,16.520566419420092,2025-03-11T17:04:17
Alickx/nuxt3-blog,4,16.477272727272727,2025-03-03T01:20:42
stacksjs/vite-plugin-local,1,16.161616161616163,2025-02-20T06:44:12
latitude-dev/latitude-llm,6,16.13295500608026,2024-09-27T11:00:31
atopile/atopile,4,16.061606160616062,2025-01-13T15:31:50
owid/owid-grapher,7,15.9517748210769,2024-11-06T09:06:54
raphaelmansuy/code2prompt,1,15.602836879432624,2024-09-07T10:03:45
huggingface/nanotron,5,15.494071146245059,2025-03-19T22:19:44
stacksjs/ts-spreadsheets,1,14.705882352941178,2025-02-20T06:29:59
panoratech/Panora,1,14.679313459801266,2024-11-16T10:04:40
KiloProjects/Kilonova,1,14.505893019038984,2025-03-29T13:48:52
cbardyn/ai-swiss-workflows,1,14.285714285714285,2024-12-02T15:47:30
go-shiori/shiori,1,14.114114114114114,2025-03-15T16:28:26
searchfe/hoth,1,13.66906474820144,2025-02-21T07:16:22
OpenSPP/openspp-modules,2,13.585746102449889,2025-03-17T01:11:46
nextml-code/pytorch-datastream,1,13.533834586466165,2025-01-03T08:59:59
typefully/minimal-twitter,1,13.505747126436782,2025-01-30T11:22:18
obot-platform/tools,1,13.157894736842104,2025-03-26T20:39:03
worldcoin/world-id-docs,1,13.144329896907218,2025-03-07T16:31:17
DataRepublican/datarepublican,12,12.663958212420198,2025-03-06T12:22:20
BlackShoreTech/gittok.dev,1,12.173913043478262,2025-02-18T12:10:43
stacksjs/ts-collect,1,12.16931216931217,2025-02-20T05:55:34
MultiQC/MultiQC,7,11.177499271349461,2024-12-15T12:29:01
sakaicontrib/attendance,1,10.498687664041995,2025-03-11T20:35:20
stacksjs/rpx,1,10.37344398340249,2025-02-20T05:11:35
gouniverse/hb,1,10.355987055016183,2025-03-01T16:33:30
SSWConsulting/SSW.Website,1,10.31475161167994,2025-03-28T00:11:41
tanders/tot,1,10.227272727272728,2025-02-05T06:33:40
Multi-V-VM/MVVM,1,10.0,2025-03-13T19:47:40
BoundaryML/baml,3,9.82066609735269,2025-02-15T16:53:10
ethereum/pm,4,9.314478942514603,2025-03-19T13:52:25
lightdash/lightdash,4,9.162150896206752,2025-03-17T10:04:37
GaloyMoney/lana-bank,9,8.852105073767543,2025-03-06T10:59:24
LimTec-de/DockAppToggler,2,8.333333333333332,2024-12-25T10:29:34
lss233/kirara-ai,3,8.266993263931415,2025-02-04T08:52:56
Automattic/jetpack,4,7.72693338017654,2025-02-03T13:35:55
AudiusProject/audius-protocol,6,7.550003003183374,2025-02-26T14:41:48
kindfi-org/kindfi,5,7.441860465116279,2025-01-22T02:09:57
SoftFever/OrcaSlicer,6,7.391270215104412,2025-03-22T00:05:10
TutoriaLLM/TutoriaLLM,1,7.298335467349553,2025-02-17T02:09:17
OneKeyHQ/app-monorepo,8,7.219854600150414,2025-03-10T05:32:44
NVIDIA/TensorRT-LLM,3,7.207890743550835,2025-03-11T09:13:42
syntaxfm/website,1,6.596736596736596,2024-11-01T13:26:28
me-foundation/magicdrop,1,6.321839080459771,2024-12-02T17:33:52
realness-online/web,6,6.239635157545606,2025-01-12T18:42:32
keephq/keep,1,6.021505376344086,2025-03-27T13:07:29
konturio/disaster-ninja-fe,4,5.826693227091633,2024-10-16T02:52:07
braebo/nutab,1,5.459057071960298,2024-11-01T22:29:13
grafana/loki,1,5.345911949685535,2025-02-14T08:10:40
tact-lang/tact-template,1,5.319148936170213,2025-01-16T08:05:12
The-Pocket-World/PocketManus,2,5.2356020942408374,2025-03-09T14:55:14
getsentry/sentry,11,5.154264172573054,2025-02-06T15:48:25
sakaiproject/sakai,1,4.727292700342372,2025-03-09T11:27:42
dotCMS/core,11,4.69865332254029,2025-02-20T14:52:42
sadmann7/shadcn-table,2,4.634581105169341,2025-03-07T23:39:39
jpedroschmitz/typescript-nextjs-starter,2,4.304160688665711,2025-03-12T08:13:06
ephemeraHQ/converse-app,20,4.093695271453591,2025-01-06T15:09:24
gruntwork-io/docs,1,3.85470719051149,2025-03-03T18:01:31
ThatGuySam/doesitarm,4,3.067484662576687,2024-12-27T15:58:41
assafelovic/gpt-researcher,4,3.0525928650239056,2025-01-08T21:23:59
Panfactum/stack,2,2.83363802559415,2025-03-26T15:34:55
reactos/reactos,2,2.823532093882157,2025-03-08T08:35:40
ozma-io/ozma,2,2.4057909303810945,2025-02-17T05:42:34
LearningCircuit/local-deep-research,2,2.2535211267605635,2025-03-17T12:44:20
coder/coder,2,1.884191176470588,2025-03-28T15:33:13
Automattic/wp-calypso,7,1.7390184207136414,2025-02-07T11:17:28
leemonade/leemons,2,1.4446227929373996,2024-11-18T11:35:22
ahrefs/ocannl,1,1.4106583072100314,2025-03-20T18:39:04
ethyca/fides,2,0.924321201617562,2025-03-14T12:49:19
Schroedinger-Hat/schroedinger-hat-website,1,0.7978723404255319,2025-01-10T10:07:07
chapzin/parse-efd-fiscal,1,0.7518796992481203,2025-03-20T23:10:52
ResearchHub/researchhub-backend,5,0.624113475177305,2025-03-11T23:34:20
Urigo/accounter-fullstack,3,0.5586592178770949,2025-02-16T06:40:06
dotnet9/CodeWF,1,0.5494505494505495,2025-03-10T03:39:16
DataDog/integrations-core,6,0.4469987228607918,2025-03-18T12:47:03
sopt-makers/makers-design-system,1,0.437636761487965,2025-03-23T07:04:39
hooshyar/flutter_gen_ai_chat_ui,0,0.0,
Th3Un1q3/flipp_pomodoro,0,0.0,
jeffreybaird/ordered_collections,0,0.0,
PostHog/posthog-mcp,0,0.0,
Provenance-Emu/Provenance,0,0.0,
meshery/meshery,0,0.0,
hopsoft/local_bus,0,0.0,
bmadcode/aiadd-demo-cursor-0.3x-deprecated,0,0.0,
salvo-rs/salvo-cli,0,0.0,
loning/universe,0,0.0,
meditohq/medito-app,0,0.0,
petabridge/Incrementalist,0,0.0,
mikopbx/Core,0,0.0,
rknell/dart_queue,0,0.0,
PiotrCzapla/smart_dictation,0,0.0,
IQAIcom/brain,0,0.0,
W1ndys/W1ndysBot,0,0.0,
united-manufacturing-hub/benthos-umh,0,0.0,
cool-team-official/cool-admin-vue,0,0.0,
cool-team-official/cool-admin-midway,0,0.0,
notional-finance/notional-monorepo,0,0.0,
elsbrock/hetzner-radar,0,0.0,
lukstafi/ppx_minidebug,0,0.0,
Ody-Z/Trading_Game_Simulator,0,0.0,
ilanbenb/wa_llm,0,0.0,
mathrunet/flutter_masamune,0,0.0,
zhoushoujianwork/arduino_esp32_motobox,0,0.0,
malakhov-dmitrii/noizer-one_v2,0,0.0,
mayneyao/eidos,0,0.0,
Zenobia000/iSpan_LLM-NLP-cookbooks,0,0.0,
flyerhq/flutter_chat_ui,0,0.0,
Bhartendu-Kumar/rules_template,0,0.0,
ballerine-io/ballerine,0,0.0,
elevenlabs/elevenlabs-docs,0,0.0,
Comfy-Org/ComfyUI_frontend,0,0.0,
TallerWebSolutions/flow_climate,0,0.0,
daangn/seed-design,0,0.0,
Mawla/cursor_rules,0,0.0,
farfarawaylabs/bernstein_ai_framework,0,0.0,
elixir-dx/dx,0,0.0,
DargonLee/easy_pasta,0,0.0,
Schroedinger-Hat/osday,0,0.0,
haydenbleasel/next-forge,0,0.0,
openshiporg/openfront,0,0.0,
yctimlin/mcp_excalidraw,0,0.0,
Dror-Bengal/CursorFocus,0,0.0,
masa-finance/agent-arena-subnet,0,0.0,
terryso/BDD_WITH_CURSOR,0,0.0,
thmsmlr/livebook_tools,0,0.0,
ShunsukeHayashi/Auto-coder-agent_Cursor_Roo_code,0,0.0,
ignacio-chiazzo/ruby_whatsapp_sdk,0,0.0,
amarillonmc/phpdts,0,0.0,
agentjido/jido_workbench,0,0.0,
srikanth235/openastra,0,0.0,
agentjido/jido_ai,0,0.0,
grapeot/web_agentic_ai,0,0.0,
dalenguyen/dalenguyen.github.io,0,0.0,
DA0-DA0/dao-dao-ui,0,0.0,
bmadcode/cursor-custom-agents-rules-generator,0,0.0,
mamertofabian/arch-spec,0,0.0,
chi8708/CNet_Admin,0,0.0,
jsnanigans/blac,0,0.0,
hackclub/print-legion,0,0.0,
ohcnetwork/care_fe,0,0.0,
stampchain-io/btc_stamps,0,0.0,
mattppal/cursor-prompts,0,0.0,
W1ndys/Easy-QFNU,0,0.0,
novuhq/novu,0,0.0,
raphaelmansuy/iteration_of_tought,0,0.0,
bmadcode/cursor-auto-rules-agile-workflow,0,0.0,
